ingredient_id,per,kcal,protein_g
rice_round,100,355,7
rice_long,100,355,7.5
spaghetti,100,355,12.5
macaroni,100,355,12.5
flour,100,340,10
oats,100,375,13.5
sliced_bread,100,265,8.5
baguette,100,260,9
wheat_tortillas,100,310,8.5
breadcrumbs,100,380,12.5
lentils_cooked,100,100,8
lentils_dry,100,330,24
chickpeas_cooked,100,125,7.5
white_beans_cooked,100,100,7
red_beans_cooked,100,105,7.5
tofu,100,135,14
hummus,100,260,7
peanuts,100,600,26
eggs_6,piece,75,6.5
eggs_12,piece,75,6.5
milk,100,46,3.2
butter,100,740,0.6
yogurt,100,60,3.8
grated_cheese,100,380,27
mozzarella,100,250,18
cheese_slices,100,330,21
fresh_cheese,100,170,12
cooking_cream,100,190,2.5
soy_drink,100,40,3.3
oat_drink,100,45,0.8
crushed_tomato,100,30,1.3
chopped_tomato,100,25,1.2
tomato_frito,100,75,1.5
sweetcorn,100,80,2.8
peas_canned,100,70,5
mushrooms_canned,100,20,2
olives_black,100,160,1
chicken_stock,100,5,0.5
mayonnaise,100,690,1
soy_sauce,100,60,8
olive_oil,100,820,0
sunflower_oil,100,820,0
vinegar,100,20,0
salt,100,0,0
sugar,100,400,0
black_pepper,100,250,10
paprika,100,280,14
oregano,100,265,9
cumin,100,375,18
curry,100,325,14
garlic,100,120,6
garlic_frozen,100,120,6
onions,100,40,1.2
onion_frozen,100,35,1.1
potato,100,77,2
carrots,100,41,0.9
tomato,100,18,0.9
pepper_red,100,31,1
pepper_green,100,20,0.9
zucchini,100,17,1.2
eggplant,100,25,1
broccoli,100,34,2.8
cucumber,100,15,0.7
lettuce,piece,70,4.5
salad_mix,100,18,1.5
mushrooms_fresh,100,22,3.1
spinach_frozen,100,25,2.9
green_beans_frozen,100,31,1.8
veg_stirfry_frozen,100,45,2
menestra_frozen,100,45,2.8
banana,100,89,1.1
apple,100,52,0.3
orange,100,47,0.9
lemon,100,29,1.1
chicken_breast,100,110,23
chicken_thighs,100,160,18
chicken_drumsticks,100,120,13
minced_pork,100,240,17
minced_beef_pork,100,230,18
minced_chicken,100,150,19
sausages,100,210,13
bacon,100,300,15
chorizo,100,430,24
ham,100,110,18
tuna_oil,100,200,25
salmon_frozen,100,200,20
