ingredient_id,name_en,name_es,category,diet,allergens,package_price_eur,package_size,package_unit,supermarket,zone,sku,product_name,captured_at,product_url
rice_round,Round rice,Arroz redondo,grains,vegan,,1.15,1.0,kg,mercadona,mad1,5044,Arroz redondo Hacendado,2026-09-21,https://tienda.mercadona.es/product/5044/arroz-redondo-hacendado-paquete
rice_long,Long-grain rice,Arroz largo,grains,vegan,,1.2,1.0,kg,mercadona,mad1,5063,Arroz largo Hacendado,2026-09-21,https://tienda.mercadona.es/product/5063/arroz-largo-hacendado-paquete
spaghetti,Spaghetti,Espaguetis,grains,vegan,gluten,0.8,0.5,kg,mercadona,mad1,6331,Spaghetti Hacendado,2026-09-21,https://tienda.mercadona.es/product/6331/spaghetti-hacendado-paquete
macaroni,Macaroni,Macarrones,grains,vegan,gluten,0.8,0.5,kg,mercadona,mad1,6326,Macarrón Hacendado,2026-09-21,https://tienda.mercadona.es/product/6326/macarron-hacendado-paquete
flour,Wheat flour,Harina de trigo,grains,vegan,gluten,0.72,1.0,kg,mercadona,mad1,29100,Harina de trigo Hacendado,2026-09-21,https://tienda.mercadona.es/product/29100/harina-trigo-hacendado-paquete
oats,Rolled oats,Copos de avena,grains,vegan,gluten,1.3,0.8,kg,mercadona,mad1,86341,Copos de avena Brüggen,2026-09-21,https://tienda.mercadona.es/product/86341/copos-avena-bruggen-caja
sliced_bread,Sliced white bread,Pan de molde,bread,vegetarian,gluten,0.8,0.46,kg,mercadona,mad1,13810,Pan de molde blanco Hacendado,2026-09-21,https://tienda.mercadona.es/product/13810/pan-molde-blanco-hacendado-paquete
baguette,Bread stick (barra),Barra de pan,bread,vegan,gluten,0.5,0.25,kg,mercadona,mad1,83202.1,Barra de pan,2026-09-21,https://tienda.mercadona.es/product/83202.1/barra-pan
wheat_tortillas,Wheat tortillas,Tortillas de trigo,bread,vegan,gluten,1.15,0.36,kg,mercadona,mad1,80859,Tortillas de trigo Hacendado,2026-09-21,https://tienda.mercadona.es/product/80859/tortillas-trigo-hacendado-paquete
breadcrumbs,Breadcrumbs,Pan rallado,bread,vegan,gluten,0.85,0.75,kg,mercadona,mad1,82219,Pan rallado Hacendado,2026-09-21,https://tienda.mercadona.es/product/82219/pan-rallado-hacendado-paquete
lentils_cooked,Cooked lentils (jar),Lentejas cocidas,legumes,vegan,,0.9,0.57,kg,mercadona,mad1,26030,Lenteja cocida Hacendado,2026-09-21,https://tienda.mercadona.es/product/26030/lenteja-cocida-hacendado-tarro
lentils_dry,Dry lentils,Lentejas secas,legumes,vegan,,1.85,1.0,kg,mercadona,mad1,5330,Lenteja pardina Hacendado,2026-09-21,https://tienda.mercadona.es/product/5330/lenteja-pardina-hacendado-categoria-extra-paquete
chickpeas_cooked,Cooked chickpeas (jar),Garbanzos cocidos,legumes,vegan,,0.8,0.57,kg,mercadona,mad1,26029,Garbanzo cocido Hacendado,2026-09-21,https://tienda.mercadona.es/product/26029/garbanzo-cocido-hacendado-tarro
white_beans_cooked,Cooked white beans (jar),Alubias blancas cocidas,legumes,vegan,,0.75,0.57,kg,mercadona,mad1,26019,Alubia cocida blanca Hacendado,2026-09-21,https://tienda.mercadona.es/product/26019/alubia-cocida-blanca-hacendado-tarro
red_beans_cooked,Cooked red beans (jar),Alubias rojas cocidas,legumes,vegan,,1.2,0.57,kg,mercadona,mad1,26000,Alubia cocida roja Hacendado,2026-09-21,https://tienda.mercadona.es/product/26000/alubia-cocida-roja-hacendado-tarro
tofu,Firm tofu,Tofu firme,legumes,vegan,soy,1.75,0.4,kg,mercadona,mad1,51097,Tofu firme Hacendado,2026-09-21,https://tienda.mercadona.es/product/51097/tofu-firme-frias-paquete
hummus,Hummus,Hummus,legumes,vegan,sesame,1.05,0.24,kg,mercadona,mad1,80858,Hummus de garbanzos Hacendado receta clásica,2026-09-21,https://tienda.mercadona.es/product/80858/hummus-garbanzos-hacendado-receta-clasica-tarrina
peanuts,Roasted peanuts (unsalted),Cacahuetes tostados,legumes,vegan,peanuts,1.05,0.2,kg,mercadona,mad1,13451,Cacahuete tostado Hacendado 0% sal añadida pelado,2026-09-21,https://tienda.mercadona.es/product/13451/cacahuete-tostado-hacendado-pelado-0-sal-anadida-paquete
eggs_6,Eggs (6),Huevos (6),dairy_eggs,vegetarian,egg,1.8,6.0,ud,mercadona,mad1,31540,Huevos grandes L,2026-09-21,https://tienda.mercadona.es/product/31540/huevos-grandes-l-paquete
eggs_12,Eggs (12),Huevos (12),dairy_eggs,vegetarian,egg,2.85,12.0,ud,mercadona,mad1,31505,Huevos medianos M,2026-09-21,https://tienda.mercadona.es/product/31505/huevos-medianos-m-paquete
milk,Semi-skimmed milk,Leche semidesnatada,dairy_eggs,vegetarian,milk,0.84,1.0,l,mercadona,mad1,10382,Leche semidesnatada Hacendado,2026-09-21,https://tienda.mercadona.es/product/10382/leche-semidesnatada-hacendado-brick
butter,Butter,Mantequilla,dairy_eggs,vegetarian,milk,2.05,0.25,kg,mercadona,mad1,20716,Mantequilla sin sal añadida Hacendado,2026-09-21,https://tienda.mercadona.es/product/20716/mantequilla-sin-sal-anadida-hacendado-pastilla
yogurt,Plain yogurt (6-pack),Yogur natural,dairy_eggs,vegetarian,milk,1.0,0.75,kg,mercadona,mad1,22313,Yogur natural Hacendado,2026-09-21,https://tienda.mercadona.es/product/22313/yogur-natural-hacendado-pack-6
grated_cheese,Grated cheese,Queso rallado,dairy_eggs,vegetarian,milk,1.1,0.2,kg,mercadona,mad1,23621,Queso rallado especial fundir mezcla Hacendado,2026-09-21,https://tienda.mercadona.es/product/23621/queso-rallado-especial-fundir-mezcla-hacendado-paquete
mozzarella,Fresh mozzarella,Mozzarella fresca,dairy_eggs,vegetarian,milk,0.9,0.25,kg,mercadona,mad1,51050,Mozzarella fresca de vaca Hacendado,2026-09-21,https://tienda.mercadona.es/product/51050/mozzarella-fresca-vaca-hacendado-paquete
cheese_slices,Cheese slices,Queso en lonchas,dairy_eggs,vegetarian,milk,1.1,0.2,kg,mercadona,mad1,50371,Queso lonchas fundido sándwich mezcla Hacendado,2026-09-21,https://tienda.mercadona.es/product/50371/queso-lonchas-fundido-sandwich-mezcla-hacendado-paquete
fresh_cheese,Fresh Burgos cheese,Queso fresco,dairy_eggs,vegetarian,milk,1.15,0.25,kg,mercadona,mad1,52408,Queso fresco Burgos natural Hacendado,2026-09-21,https://tienda.mercadona.es/product/52408/queso-fresco-burgos-natural-hacendado-pack-4
cooking_cream,Cooking cream,Nata para cocinar,dairy_eggs,vegetarian,milk,1.55,0.5,l,mercadona,mad1,10161,Nata ligera para cocinar Hacendado,2026-09-21,https://tienda.mercadona.es/product/10161/nata-ligera-cocinar-hacendado-brick
soy_drink,Soy drink,Bebida de soja,dairy_eggs,vegan,soy,0.65,1.0,l,mercadona,mad1,14707,Bebida de soja con calcio y vitaminas sin azúcares añadidos Hacendado,2026-09-21,https://tienda.mercadona.es/product/14707/bebida-soja-con-calcio-vitaminas-sin-azucares-anadidos-hacendado-brick
oat_drink,Oat drink,Bebida de avena,dairy_eggs,vegan,gluten,0.75,1.0,l,mercadona,mad1,52640,Bebida de avena Hacendado 0% azúcar,2026-09-21,https://tienda.mercadona.es/product/52640/bebida-avena-hacendado-0-azucar-brick
crushed_tomato,Crushed tomato (can),Tomate triturado,pantry,vegan,,0.55,0.4,kg,mercadona,mad1,16044,Tomate triturado Hacendado,2026-09-21,https://tienda.mercadona.es/product/16044/tomate-triturado-hacendado-freir-bote
chopped_tomato,Chopped peeled tomato (can),Tomate troceado,pantry,vegan,,0.7,0.41,kg,mercadona,mad1,16022,Tomate troceado pelado Hacendado,2026-09-21,https://tienda.mercadona.es/product/16022/tomate-troceado-pelado-hacendado-freir-bote
tomato_frito,Tomato sauce (tomate frito),Tomate frito,pantry,vegan,,0.9,0.56,kg,mercadona,mad1,17108,Tomate frito Hacendado,2026-09-21,https://tienda.mercadona.es/product/17108/tomate-frito-hacendado-tarro
sweetcorn,Sweetcorn (can),Maíz dulce,pantry,vegan,,1.25,0.225,kg,mercadona,mad1,16714,Maíz dulce Hacendado,2026-09-21,https://tienda.mercadona.es/product/16714/maiz-dulce-hacendado-pack-3
peas_canned,Peas (jar),Guisantes,pantry,vegan,,0.95,0.39,kg,mercadona,mad1,16416,Guisantes extra Hacendado,2026-09-21,https://tienda.mercadona.es/product/16416/guisantes-extra-hacendado-bote
mushrooms_canned,Sliced mushrooms (can),Champiñones laminados en conserva,pantry,vegan,,1.0,0.355,kg,mercadona,mad1,16618,Champiñones laminados Hacendado,2026-09-21,https://tienda.mercadona.es/product/16618/champinones-laminados-hacendado-bote
olives_black,Pitted black olives,Aceitunas negras sin hueso,pantry,vegan,,1.05,0.35,kg,mercadona,mad1,52734,Aceitunas negras sin hueso Hacendado,2026-09-21,https://tienda.mercadona.es/product/52734/aceitunas-negras-hacendado-sin-hueso-bote
chicken_stock,Chicken stock (1 l),Caldo de pollo,pantry,meat,celery,0.75,1.0,l,mercadona,mad1,7313,Caldo de pollo Hacendado,2026-09-21,https://tienda.mercadona.es/product/7313/caldo-pollo-hacendado-brick
mayonnaise,Mayonnaise,Mayonesa,pantry,vegetarian,egg,1.0,0.24,l,mercadona,mad1,52728,Mayonesa Hacendado,2026-09-21,https://tienda.mercadona.es/product/52728/mayonesa-hacendado-tarro
soy_sauce,Soy sauce,Salsa de soja,pantry,vegan,"soy,gluten",1.2,0.25,l,mercadona,mad1,17360,Salsa de Soja Hacendado,2026-09-21,https://tienda.mercadona.es/product/17360/salsa-soja-hacendado-botella
olive_oil,Olive oil (1 l),Aceite de oliva,pantry,vegan,,3.7,1.0,l,mercadona,mad1,4240,"Aceite de oliva 0,4º Hacendado",2026-09-21,https://tienda.mercadona.es/product/4240/aceite-oliva-04o-hacendado-botella
sunflower_oil,Sunflower oil (1 l),Aceite de girasol,pantry,vegan,,1.85,1.0,l,mercadona,mad1,4040,"Aceite de girasol refinado 0,2º Hacendado",2026-09-21,https://tienda.mercadona.es/product/4040/aceite-girasol-refinado-02o-hacendado-botella
vinegar,White wine vinegar,Vinagre de vino blanco,pantry,vegan,sulphites,0.65,1.0,l,mercadona,mad1,4940,Vinagre de vino blanco Hacendado,2026-09-21,https://tienda.mercadona.es/product/4940/vinagre-vino-blanco-hacendado-botella
salt,Fine salt,Sal fina,pantry,vegan,,0.4,1.0,kg,mercadona,mad1,19731,Sal fina Hacendado,2026-09-21,https://tienda.mercadona.es/product/19731/sal-fina-hacendado-paquete
sugar,White sugar,Azúcar blanco,pantry,vegan,,0.9,1.0,kg,mercadona,mad1,19897,Azúcar blanco Hacendado,2026-09-21,https://tienda.mercadona.es/product/19897/azucar-blanco-hacendado-paquete
black_pepper,Ground black pepper,Pimienta negra molida,spices,vegan,,1.3,0.07,kg,mercadona,mad1,34171,Pimienta negra molida Hacendado,2026-09-21,https://tienda.mercadona.es/product/34171/pimienta-negra-molida-hacendado-bote
paprika,Sweet paprika,Pimentón dulce,spices,vegan,,1.3,0.075,kg,mercadona,mad1,60573,Pimentón dulce Hacendado,2026-09-21,https://tienda.mercadona.es/product/60573/pimenton-dulce-hacendado-bote
oregano,Oregano,Orégano,spices,vegan,,1.0,0.025,kg,mercadona,mad1,5598,Orégano Hacendado,2026-09-21,https://tienda.mercadona.es/product/5598/oregano-hacendado-bote
cumin,Ground cumin,Comino molido,spices,vegan,,1.15,0.058,kg,mercadona,mad1,34120,Comino molido Hacendado,2026-09-21,https://tienda.mercadona.es/product/34120/comino-molido-hacendado-bote
curry,Curry powder,Curry,spices,vegan,mustard,1.1,0.057,kg,mercadona,mad1,34125,Curry Hacendado,2026-09-21,https://tienda.mercadona.es/product/34125/curry-hacendado-bote
garlic,Garlic (bulbs),Ajos,vegetables,vegan,,1.85,0.25,kg,mercadona,mad1,69297,Ajos morados,2026-09-21,https://tienda.mercadona.es/product/69297/ajos-morados-malla
garlic_frozen,Chopped garlic (frozen),Ajo troceado congelado,vegetables,vegan,,0.95,0.15,kg,mercadona,mad1,61251,Ajo troceado Hacendado ultracongelado,2026-09-21,https://tienda.mercadona.es/product/61251/ajo-troceado-hacendado-ultracongelado-paquete
onions,Onions (1 kg bag),Cebollas,vegetables,vegan,,1.7,1.0,kg,mercadona,mad1,69089,Cebollas,2026-09-21,https://tienda.mercadona.es/product/69089/cebollas-malla
onion_frozen,Chopped onion (frozen),Cebolla troceada congelada,vegetables,vegan,,0.95,0.45,kg,mercadona,mad1,13568,Cebolla troceada Hacendado ultracongelada,2026-09-21,https://tienda.mercadona.es/product/13568/cebolla-troceada-hacendado-ultracongelada-paquete
potato,Potato (one piece),Patata,vegetables,vegan,,0.49,0.26,kg,mercadona,mad1,69066,Patata,2026-09-21,https://tienda.mercadona.es/product/69066/patata-pieza
carrots,Carrots (500 g bag),Zanahorias,vegetables,vegan,,0.8,0.5,kg,mercadona,mad1,69669,Zanahorias,2026-09-21,https://tienda.mercadona.es/product/69669/zanahorias-paquete
tomato,Plum tomato (one piece),Tomate pera,vegetables,vegan,,0.28,0.14,kg,mercadona,mad1,69912,Tomate pera,2026-09-21,https://tienda.mercadona.es/product/69912/tomate-pera-pieza
pepper_red,Red pepper (one piece),Pimiento rojo,vegetables,vegan,,0.7,0.28,kg,mercadona,mad1,69310,Pimiento rojo,2026-09-21,https://tienda.mercadona.es/product/69310/pimiento-rojo-pieza
pepper_green,Green pepper (one piece),Pimiento verde,vegetables,vegan,,0.73,0.26,kg,mercadona,mad1,69312,Pimiento verde,2026-09-21,https://tienda.mercadona.es/product/69312/pimiento-verde-pieza
zucchini,Zucchini (one piece),Calabacín,vegetables,vegan,,0.72,0.38,kg,mercadona,mad1,69338,Calabacín verde,2026-09-21,https://tienda.mercadona.es/product/69338/calabacin-verde-pieza
eggplant,Eggplant (one piece),Berenjena,vegetables,vegan,,0.84,0.38,kg,mercadona,mad1,69326,Berenjena,2026-09-21,https://tienda.mercadona.es/product/69326/berenjena-pieza
broccoli,Broccoli (one piece),Brócoli,vegetables,vegan,,1.35,0.45,kg,mercadona,mad1,69580,Brócoli,2026-09-21,https://tienda.mercadona.es/product/69580/brocoli-pieza
cucumber,Cucumber (one piece),Pepino,vegetables,vegan,,0.34,0.2,kg,mercadona,mad1,69584,Pepino,2026-09-21,https://tienda.mercadona.es/product/69584/pepino-pieza
lettuce,Iceberg lettuce,Lechuga iceberg,vegetables,vegan,,1.05,1.0,ud,mercadona,mad1,68130,Lechuga Iceberg,2026-09-21,https://tienda.mercadona.es/product/68130/lechuga-iceberg-pieza
salad_mix,Mixed salad bag,Ensalada mezcla,vegetables,vegan,,0.85,0.25,kg,mercadona,mad1,69706,Ensalada mezcla 4 estaciones lavada,2026-09-21,https://tienda.mercadona.es/product/69706/ensalada-mezcla-4-estaciones-compuesta-lechuga-iceberg-zanahoria-col-lombarda-paquete
mushrooms_fresh,White mushrooms,Champiñones,vegetables,vegan,,1.56,0.3,kg,mercadona,mad1,26951,Champiñones blancos,2026-09-21,https://tienda.mercadona.es/product/26951/champinon-blanco-bandeja
spinach_frozen,Spinach portions (frozen),Espinacas congeladas,vegetables,vegan,,0.9,0.45,kg,mercadona,mad1,61279,Espinaca en porciones Hacendado ultracongelada,2026-09-21,https://tienda.mercadona.es/product/61279/espinaca-porciones-hacendado-ultracongelada-paquete
green_beans_frozen,Green beans (frozen),Judías verdes congeladas,vegetables,vegan,,1.3,1.0,kg,mercadona,mad1,61283,Judía verde plana Hacendado ultracongelada,2026-09-21,https://tienda.mercadona.es/product/61283/judia-verde-plana-hacendado-ultracongelada-paquete
veg_stirfry_frozen,Vegetable stir-fry mix (frozen),Salteado de verduras congelado,vegetables,vegan,,1.55,0.6,kg,mercadona,mad1,61065,Salteado de verduras Hacendado ultracongelado,2026-09-21,https://tienda.mercadona.es/product/61065/salteado-verduras-hacendado-ultracongelado-paquete
menestra_frozen,Mixed vegetables (frozen),Menestra congelada,vegetables,vegan,,1.75,1.0,kg,mercadona,mad1,52534,Menestra de verduras Hacendado ultracongelada,2026-09-21,https://tienda.mercadona.es/product/52534/menestra-verduras-hacendado-ultracongelada-paquete
banana,Banana (one piece),Banana,fruit,vegan,,0.28,0.18,kg,mercadona,mad1,3824,Banana,2026-09-21,https://tienda.mercadona.es/product/3824/banana-pieza
apple,Red apple (one piece),Manzana roja,fruit,vegan,,0.38,0.19,kg,mercadona,mad1,8177,Manzana roja dulce,2026-09-21,https://tienda.mercadona.es/product/8177/manzana-roja-dulce-pieza
orange,Orange (one piece),Naranja,fruit,vegan,,0.68,0.27,kg,mercadona,mad1,3235,Naranja de mesa,2026-09-21,https://tienda.mercadona.es/product/3235/naranja-mesa-pieza
lemon,Lemon (one piece),Limón,fruit,vegan,,0.6,0.21,kg,mercadona,mad1,3210,Limón,2026-09-21,https://tienda.mercadona.es/product/3210/limon-pieza
chicken_breast,Chicken breast fillets,Filetes de pechuga de pollo,meat_fish,meat,,3.8,0.52,kg,mercadona,mad1,2787,Filetes pechuga de pollo,2026-09-21,https://tienda.mercadona.es/product/2787/filetes-pechuga-pollo-bandeja
chicken_thighs,Boneless chicken thighs,Contramuslos de pollo deshuesados,meat_fish,meat,,3.58,0.55,kg,mercadona,mad1,2789,Contramuslos de pollo deshuesados y sin piel,2026-09-21,https://tienda.mercadona.es/product/2789/contramuslos-pollo-deshuesados-sin-piel-bandeja
chicken_drumsticks,Chicken drumsticks,Jamoncitos de pollo,meat_fish,meat,,3.5,0.92,kg,mercadona,mad1,2778,Jamoncitos de pollo,2026-09-21,https://tienda.mercadona.es/product/2778/jamoncitos-pollo-bandeja
minced_pork,Minced pork,Carne picada de cerdo,meat_fish,meat,sulphites,2.75,0.5,kg,mercadona,mad1,2867,Preparado de carne picada cerdo,2026-09-21,https://tienda.mercadona.es/product/2867/preparado-carne-picada-cerdo-bandeja
minced_beef_pork,Minced beef and pork,Carne picada mixta,meat_fish,meat,sulphites,4.1,0.5,kg,mercadona,mad1,2869,Preparado de carne picada vacuno y cerdo,2026-09-21,https://tienda.mercadona.es/product/2869/preparado-carne-picada-vacuno-cerdo-bandeja
minced_chicken,Minced chicken,Carne picada de pollo,meat_fish,meat,sulphites,3.95,0.5,kg,mercadona,mad1,35774,Preparado de carne picada pollo,2026-09-21,https://tienda.mercadona.es/product/35774/preparado-carne-picada-pollo-bandeja
sausages,Chicken sausages,Salchichas de pollo,meat_fish,meat,"milk,soy",1.75,0.5,kg,mercadona,mad1,53042,Salchichas cocidas de pollo Hacendado,2026-09-21,https://tienda.mercadona.es/product/53042/salchichas-cocidas-pollo-hacendado-pack-2
bacon,Bacon strips,Bacón en cintas,meat_fish,meat,,1.95,0.26,kg,mercadona,mad1,16252,Bacón Hacendado cintas,2026-09-21,https://tienda.mercadona.es/product/16252/bacon-hacendado-cintas
chorizo,Sliced chorizo,Chorizo en lonchas,meat_fish,meat,milk,1.75,0.24,kg,mercadona,mad1,59086,Chorizo extra Hacendado lonchas,2026-09-21,https://tienda.mercadona.es/product/59086/chorizo-extra-hacendado-lonchas-pack-4
ham,Cooked ham slices,Jamón cocido,meat_fish,meat,,1.95,0.25,kg,mercadona,mad1,13988,Jamón cocido sándwich Hacendado lonchas,2026-09-21,https://tienda.mercadona.es/product/13988/jamon-cocido-sandwich-hacendado-lonchas-paquete
tuna_oil,Tuna in sunflower oil (cans),Atún claro en aceite de girasol,meat_fish,fish,fish,2.7,0.24,kg,mercadona,mad1,18092,Atún claro en aceite de girasol Hacendado,2026-09-21,https://tienda.mercadona.es/product/18092/atun-claro-aceite-girasol-hacendado-pack-3
salmon_frozen,Salmon medallions (frozen),Medallones de salmón congelados,meat_fish,fish,fish,3.95,0.25,kg,mercadona,mad1,26749,Medallones de salmón Hacendado cocinar congelados,2026-09-21,https://tienda.mercadona.es/product/26749/medallones-salmon-hacendado-cocinar-congelados-paquete
